{
  "2412.09925v2": 7,
  "2309.08593v1": 8,
  "2103.15679v1": 9,
  "2112.14000v1": 10,
  "1709.07809v1": 74,
  "2209.15176v1": 11,
  "2108.01778v1": 12,
  "2201.13027v2": 13,
  "2210.01989v3": 14,
  "2303.01542v1": 15,
  "2502.08864v1": 103,
  "2410.02703v2": 16,
  "2402.04347v1": 17,
  "2503.14615v2": 18,
  "2106.05786v1": 19,
  "2406.00427v1": 20,
  "2406.00477v1": 104,
  "2410.15578v1": 21,
  "2204.04477v1": 22,
  "2108.07789v2": 23,
  "2401.14040v3": 24,
  "2408.16749v1": 25,
  "2501.09653v1": 49,
  "2405.12990v1": 26,
  "2411.05050v1": 27,
  "2412.07797v1": 28,
  "2303.17728v2": 29,
  "2311.04329v2": 50,
  "2507.08013v2": 30,
  "1909.02209v3": 31,
  "2104.08145v2": 32,
  "2410.24159v2": 33,
  "2510.08404v1": 34,
  "2408.10441v1": 40,
  "2501.06658v1": 35,
  "2312.05603v2": 36,
  "2306.07377v1": 37,
  "2202.03371v1": 38,
  "2305.06530v1": 39,
  "2404.09579v1": 41,
  "2405.18774v1": 42,
  "2506.09643v1": 43,
  "2205.07634v1": 44,
  "2408.15040v2": 45,
  "2303.00077v1": 46,
  "2305.13267v1": 47,
  "2104.10441v1": 48,
  "2305.13782v1": 51,
  "2509.16442v1": 52,
  "2406.13249v2": 53,
  "2202.01110v2": 54,
  "2407.03955v1": 55,
  "1409.1257v2": 73,
  "2406.03790v2": 56,
  "2405.13002v1": 57,
  "2506.00054v1": 58,
  "2506.20051v1": 59,
  "2312.05708v1": 60,
  "2502.20245v1": 61,
  "2305.17331v1": 62,
  "2505.13129v1": 63,
  "2406.02266v1": 64,
  "2104.03543v3": 72,
  "2408.00555v1": 65,
  "2510.15722v1": 66,
  "1606.02012v1": 67,
  "1706.03872v1": 68,
  "1610.05243v1": 69,
  "1509.08644v1": 70,
  "1702.03525v2": 71,
  "2007.16011v1": 75,
  "1606.04164v1": 76,
  "2010.05193v1": 77,
  "2206.10919v1": 78,
  "1912.02047v2": 79,
  "2107.03625v2": 80,
  "2004.10361v2": 81,
  "2410.15512v2": 82,
  "1309.1125v1": 83,
  "2311.17502v1": 84,
  "2205.12665v4": 85,
  "2108.12898v1": 86,
  "1810.04000v1": 87,
  "2405.06643v2": 107,
  "2002.09919v2": 88,
  "2204.00879v1": 89,
  "2209.11396v1": 90,
  "2007.04526v1": 91,
  "2005.02557v2": 92,
  "2504.18875v1": 105,
  "2006.15599v1": 93,
  "0805.2590v2": 94,
  "1911.04065v2": 95,
  "2105.08956v1": 96,
  "2507.01376v1": 97,
  "2412.05450v1": 106,
  "2502.18359v1": 98,
  "2506.01463v1": 99,
  "2509.20731v1": 100,
  "2403.15137v1": 101,
  "2505.10468v5": 102,
  "2506.04133v4": 108,
  "2212.13371v1": 109,
  "2410.15650v1": 110,
  "2301.02330v1": 111
}